classif1, classif1.label, classif1.sort
"AGE_CLDVERSION_Y5T17","Age (Child labour bands): 5 to 17",1
"AGE_CLDVERSION_Y5T14","Age (Child labour bands): 5 to 14",2
"AGE_CLDVERSION_Y10T17","Age (Child labour bands): 10 to 17",3
"AGE_5YRBANDS_TOTAL","Age (5-year bands): Total",4
"AGE_5YRBANDS_Y00-04","Age (5-year bands): 0-4",5
"AGE_5YRBANDS_Y05-09","Age (5-year bands): 5-9",6
"AGE_5YRBANDS_Y10-14","Age (5-year bands): 10-14",7
"AGE_5YRBANDS_Y15-19","Age (5-year bands): 15-19",8
"AGE_5YRBANDS_Y20-24","Age (5-year bands): 20-24",9
"AGE_5YRBANDS_Y25-29","Age (5-year bands): 25-29",10
"AGE_5YRBANDS_Y30-34","Age (5-year bands): 30-34",11
"AGE_5YRBANDS_Y35-39","Age (5-year bands): 35-39",12
"AGE_5YRBANDS_Y40-44","Age (5-year bands): 40-44",13
"AGE_5YRBANDS_Y45-49","Age (5-year bands): 45-49",14
"AGE_5YRBANDS_Y50-54","Age (5-year bands): 50-54",15
"AGE_5YRBANDS_Y55-59","Age (5-year bands): 55-59",16
"AGE_5YRBANDS_Y60-64","Age (5-year bands): 60-64",17
"AGE_5YRBANDS_YGE65","Age (5-year bands): 65+",18
"AGE_10YRBANDS_TOTAL","Age (10-year bands): Total",19
"AGE_10YRBANDS_YLT15","Age (10-year bands): <15",20
"AGE_10YRBANDS_Y15-24","Age (10-year bands): 15-24",21
"AGE_10YRBANDS_Y25-34","Age (10-year bands): 25-34",22
"AGE_10YRBANDS_Y35-44","Age (10-year bands): 35-44",23
"AGE_10YRBANDS_Y45-54","Age (10-year bands): 45-54",24
"AGE_10YRBANDS_Y55-64","Age (10-year bands): 55-64",25
"AGE_10YRBANDS_YGE65","Age (10-year bands): 65+",26
"AGE_AGGREGATE_TOTAL","Age (Aggregate bands): Total",27
"AGE_AGGREGATE_YLT15","Age (Aggregate bands): <15",28
"AGE_AGGREGATE_Y15-24","Age (Aggregate bands): 15-24",29
"AGE_AGGREGATE_Y25-54","Age (Aggregate bands): 25-54",30
"AGE_AGGREGATE_Y55-64","Age (Aggregate bands): 55-64",31
"AGE_AGGREGATE_YGE65","Age (Aggregate bands): 65+",32
"AGE_YTHBANDS_Y15-29","Age (Youth bands): Total (15-29)",33
"AGE_YTHBANDS_Y15-19","Age (Youth bands): 15-19",34
"AGE_YTHBANDS_Y20-24","Age (Youth bands): 20-24",35
"AGE_YTHBANDS_Y25-29","Age (Youth bands): 25-29",36
"AGE_YTHADULT_YGE15","Age (Youth, adults): 15+",37
"AGE_YTHADULT_Y15-64","Age (Youth, adults): 15-64",38
"AGE_YTHADULT_Y15-24","Age (Youth, adults): 15-24",39
"AGE_YTHADULT_YGE25","Age (Youth, adults): 25+",40
"AGE_SOCVERSION_YLT15","Age (Social protection bands): <15",41
"AGE_SOCVERSION_YGE15","Age (Social protection bands): 15+",42
"AGE_SOCVERSION_YGE65","Age (Social protection bands): 65+",43
"EDU_ISCED11_TOTAL","Education (ISCED-11): Total",44
"EDU_ISCED11_X","Education (ISCED-11): X. No schooling",45
"EDU_ISCED11_0","Education (ISCED-11): 0. Early childhood education",46
"EDU_ISCED11_1","Education (ISCED-11): 1. Primary education",47
"EDU_ISCED11_2","Education (ISCED-11): 2. Lower secondary education",48
"EDU_ISCED11_3","Education (ISCED-11): 3. Upper secondary education",49
"EDU_ISCED11_4","Education (ISCED-11): 4. Post-secondary non-tertiary education",50
"EDU_ISCED11_5","Education (ISCED-11): 5. Short-cycle tertiary education",51
"EDU_ISCED11_6","Education (ISCED-11): 6. Bachelor's or equivalent level",52
"EDU_ISCED11_7","Education (ISCED-11): 7. Master's or equivalent level",53
"EDU_ISCED11_8","Education (ISCED-11): 8. Doctoral or equivalent level",54
"EDU_ISCED11_9","Education (ISCED-11): 9. Not elsewhere classified",55
"EDU_ISCED97_TOTAL","Education (ISCED-97): Total",56
"EDU_ISCED97_X","Education (ISCED-97): X. No schooling",57
"EDU_ISCED97_0","Education (ISCED-97): 0. Pre-primary education",58
"EDU_ISCED97_1","Education (ISCED-97): 1. Primary education or first stage of basic education",59
"EDU_ISCED97_2","Education (ISCED-97): 2. Lower secondary or second stage of basic education",60
"EDU_ISCED97_3","Education (ISCED-97): 3. Upper secondary education",61
"EDU_ISCED97_4","Education (ISCED-97): 4. Post-secondary non-tertiary education",62
"EDU_ISCED97_5","Education (ISCED-97): 5. First stage of tertiary education (not leading directly to an advanced research qualification)",63
"EDU_ISCED97_6","Education (ISCED-97): 6. Second stage of tertiary education (leading to an advanced research qualification)",64
"EDU_ISCED97_UNK","Education (ISCED-97): Level not stated",65
"EDU_AGGREGATE_TOTAL","Education (Aggregate levels): Total",66
"EDU_AGGREGATE_LTB","Education (Aggregate levels): Less than basic",67
"EDU_AGGREGATE_BAS","Education (Aggregate levels): Basic",68
"EDU_AGGREGATE_INT","Education (Aggregate levels): Intermediate",69
"EDU_AGGREGATE_ADV","Education (Aggregate levels): Advanced",70
"EDU_AGGREGATE_X","Education (Aggregate levels): Level not stated",71
"DSB_STATUS_TOTAL","Disability status: Total",72
"DSB_STATUS_DIS","Disability status: Persons with disability",73
"DSB_STATUS_NODIS","Disability status: Persons without disability",74
"GEO_COV_NAT","Area type: National",75
"GEO_COV_RUR","Area type: Rural",76
"GEO_COV_URB","Area type: Urban",77
"GEO_COV_X","Area type: Not elsewhere classified",78
"MJH_AGGREGATE_TOTAL","Multiple job holders: Total",79
"MJH_AGGREGATE_ONE","Multiple job holders: One job only ",80
"MJH_AGGREGATE_MULTI","Multiple job holders: More than one job",81
"STE_ICSE93_TOTAL","Status in employment (ICSE-93): Total",82
"STE_ICSE93_1","Status in employment (ICSE-93): 1. Employees",83
"STE_ICSE93_2","Status in employment (ICSE-93): 2. Employers",84
"STE_ICSE93_3","Status in employment (ICSE-93): 3. Own-account workers",85
"STE_ICSE93_4","Status in employment (ICSE-93): 4. Members of producers' cooperatives",86
"STE_ICSE93_5","Status in employment (ICSE-93): 5. Contributing family workers",87
"STE_ICSE93_6","Status in employment (ICSE-93): 6. Workers not classifiable by status",88
"STE_AGGREGATE_TOTAL","Status in employment (Aggregate): Total",89
"STE_AGGREGATE_EES","Status in employment (Aggregate): Employees",90
"STE_AGGREGATE_SLF","Status in employment (Aggregate): Self-employed",91
"STE_AGGREGATE_X","Status in employment (Aggregate): Workers not classifiable by status",92
"INS_SECTOR_TOTAL","Institutional Sector: Total",93
"INS_SECTOR_PUB","Institutional Sector: Public",94
"INS_SECTOR_PRI","Institutional Sector: Private",95
"ECO_ISIC4_TOTAL","Economic activity (ISIC-Rev.4): Total",96
"ECO_ISIC4_A","Economic activity (ISIC-Rev.4): A. Agriculture; forestry and fishing",97
"ECO_ISIC4_B","Economic activity (ISIC-Rev.4): B. Mining and quarrying",98
"ECO_ISIC4_C","Economic activity (ISIC-Rev.4): C. Manufacturing",99
"ECO_ISIC4_D","Economic activity (ISIC-Rev.4): D. Electricity; gas, steam and air conditioning supply",100
"ECO_ISIC4_E","Economic activity (ISIC-Rev.4): E. Water supply; sewerage, waste management and remediation activities",101
"ECO_ISIC4_F","Economic activity (ISIC-Rev.4): F. Construction",102
"ECO_ISIC4_G","Economic activity (ISIC-Rev.4): G. Wholesale and retail trade; repair of motor vehicles and motorcycles",103
"ECO_ISIC4_H","Economic activity (ISIC-Rev.4): H. Transportation and storage",104
"ECO_ISIC4_I","Economic activity (ISIC-Rev.4): I. Accommodation and food service activities",105
"ECO_ISIC4_J","Economic activity (ISIC-Rev.4): J. Information and communication",106
"ECO_ISIC4_K","Economic activity (ISIC-Rev.4): K. Financial and insurance activities",107
"ECO_ISIC4_L","Economic activity (ISIC-Rev.4): L. Real estate activities",108
"ECO_ISIC4_M","Economic activity (ISIC-Rev.4): M. Professional, scientific and technical activities",109
"ECO_ISIC4_N","Economic activity (ISIC-Rev.4): N. Administrative and support service activities",110
"ECO_ISIC4_O","Economic activity (ISIC-Rev.4): O. Public administration and defence; compulsory social security",111
"ECO_ISIC4_P","Economic activity (ISIC-Rev.4): P. Education",112
"ECO_ISIC4_Q","Economic activity (ISIC-Rev.4): Q. Human health and social work activities",113
"ECO_ISIC4_R","Economic activity (ISIC-Rev.4): R. Arts, entertainment and recreation",114
"ECO_ISIC4_S","Economic activity (ISIC-Rev.4): S. Other service activities",115
"ECO_ISIC4_T","Economic activity (ISIC-Rev.4): T. Activities of households as employers; undifferentiated goods- and services-producing activities of households for own use",116
"ECO_ISIC4_U","Economic activity (ISIC-Rev.4): U. Activities of extraterritorial organizations and bodies",117
"ECO_ISIC4_X","Economic activity (ISIC-Rev.4): X. Not elsewhere classified",118
"ECO_ISIC3_TOTAL","Economic activity (ISIC-Rev.3.1): Total",119
"ECO_ISIC3_A","Economic activity (ISIC-Rev.3.1): A. Agriculture, hunting and forestry",120
"ECO_ISIC3_B","Economic activity (ISIC-Rev.3.1): B. Fishing",121
"ECO_ISIC3_C","Economic activity (ISIC-Rev.3.1): C. Mining and quarrying",122
"ECO_ISIC3_D","Economic activity (ISIC-Rev.3.1): D. Manufacturing",123
"ECO_ISIC3_E","Economic activity (ISIC-Rev.3.1): E. Electricity, gas and water supply",124
"ECO_ISIC3_F","Economic activity (ISIC-Rev.3.1): F. Construction",125
"ECO_ISIC3_G","Economic activity (ISIC-Rev.3.1): G. Wholesale and retail trade; repair of motor vehicles, motorcycles and personal and household goods",126
"ECO_ISIC3_H","Economic activity (ISIC-Rev.3.1): H. Hotels and restaurants",127
"ECO_ISIC3_I","Economic activity (ISIC-Rev.3.1): I. Transport, storage and communications",128
"ECO_ISIC3_J","Economic activity (ISIC-Rev.3.1): J. Financial intermediation",129
"ECO_ISIC3_K","Economic activity (ISIC-Rev.3.1): K. Real estate, renting and business activities",130
"ECO_ISIC3_L","Economic activity (ISIC-Rev.3.1): L. Public administration and defence; compulsory social security",131
"ECO_ISIC3_M","Economic activity (ISIC-Rev.3.1): M. Education",132
"ECO_ISIC3_N","Economic activity (ISIC-Rev.3.1): N. Health and social work",133
"ECO_ISIC3_O","Economic activity (ISIC-Rev.3.1): O. Other community, social and personal service activities",134
"ECO_ISIC3_P","Economic activity (ISIC-Rev.3.1): P. Activities of private households as employers and undifferentiated production activities of private households",135
"ECO_ISIC3_Q","Economic activity (ISIC-Rev.3.1): Q. Extraterritorial organizations and bodies",136
"ECO_ISIC3_X","Economic activity (ISIC-Rev.3.1): X. Not elsewhere classified",137
"ECO_ISIC2_TOTAL","Economic activity (ISIC-Rev.2): Total",138
"ECO_ISIC2_1","Economic activity (ISIC-Rev.2): 1. Agriculture, Hunting, Forestry and Fishing",139
"ECO_ISIC2_2","Economic activity (ISIC-Rev.2): 2. Mining and Quarrying",140
"ECO_ISIC2_3","Economic activity (ISIC-Rev.2): 3. Manufacturing",141
"ECO_ISIC2_4","Economic activity (ISIC-Rev.2): 4. Electricity, Gas and Water",142
"ECO_ISIC2_5","Economic activity (ISIC-Rev.2): 5. Construction",143
"ECO_ISIC2_6","Economic activity (ISIC-Rev.2): 6. Wholesale and Retail Trade and Restaurants and Hotels",144
"ECO_ISIC2_7","Economic activity (ISIC-Rev.2): 7. Transport, Storage and Communication",145
"ECO_ISIC2_8","Economic activity (ISIC-Rev.2): 8. Financing, Insurance, Real Estate and Business Services",146
"ECO_ISIC2_9","Economic activity (ISIC-Rev.2): 9. Community, Social and Personal Services",147
"ECO_ISIC2_0","Economic activity (ISIC-Rev.2): 0. Activities not Adequately Defined",148
"ECO_DETAILS_TOTAL","Economic activity (Detailed): Total",149
"ECO_DETAILS_A","Economic activity (Detailed): Agriculture; forestry and fishing ~ISIC rev.4 A",150
"ECO_DETAILS_B","Economic activity (Detailed): Mining and quarrying ~ISIC rev.4 B",151
"ECO_DETAILS_C","Economic activity (Detailed): Manufacturing ~ISIC rev.4 C",152
"ECO_DETAILS_DE","Economic activity (Detailed): Utilities ~ISIC rev.4 D; E",153
"ECO_DETAILS_F","Economic activity (Detailed): Construction ~ISIC rev.4 F",154
"ECO_DETAILS_G","Economic activity (Detailed): Wholesale and retail trade; repair of motor vehicles and motorcycles ~ISIC rev.4 G",155
"ECO_DETAILS_HJ","Economic activity (Detailed): Transport; storage and communication ~ISIC rev.4 H; J",156
"ECO_DETAILS_I","Economic activity (Detailed): Accommodation and food service activities ~ISIC rev.4 I",157
"ECO_DETAILS_K","Economic activity (Detailed): Financial and insurance activities ~ISIC rev.4 K",158
"ECO_DETAILS_LMN","Economic activity (Detailed): Real estate; business and administrative activities ~ISIC rev.4 L; M; N",159
"ECO_DETAILS_O","Economic activity (Detailed): Public administration and defence; compulsory social security ~ISIC rev.4 O",160
"ECO_DETAILS_P","Economic activity (Detailed): Education ~ISIC rev.4 P",161
"ECO_DETAILS_Q","Economic activity (Detailed): Human health and social work activities ~ISIC rev.4 Q",162
"ECO_DETAILS_RSTU","Economic activity (Detailed): Other services ~ISIC rev.4 R; S; T; U",163
"ECO_AGGREGATE_TOTAL","Economic activity (Aggregate): Total",164
"ECO_AGGREGATE_AGR","Economic activity (Aggregate): Agriculture",165
"ECO_AGGREGATE_MAN","Economic activity (Aggregate): Manufacturing",166
"ECO_AGGREGATE_MANEL","Economic activity (Aggregate): Manufacturing; Electricity, gas and water supply",167
"ECO_AGGREGATE_CON","Economic activity (Aggregate): Construction",168
"ECO_AGGREGATE_MEL","Economic activity (Aggregate): Mining and quarrying; Electricity, gas and water supply",169
"ECO_AGGREGATE_MKT","Economic activity (Aggregate): Trade, Transportation, Accommodation and Food, and Business and Administrative Services",170
"ECO_AGGREGATE_PUB","Economic activity (Aggregate): Public Administration, Community, Social and other Services and Activities",171
"ECO_AGGREGATE_X","Economic activity (Aggregate): Not classified",172
"ECO_SECTOR_TOTAL","Economic activity (Broad sector): Total",173
"ECO_SECTOR_AGR","Economic activity (Broad sector): Agriculture",174
"ECO_SECTOR_NAG","Economic activity (Broad sector): Non-agriculture",175
"ECO_SECTOR_IND","Economic activity (Broad sector): Industry",176
"ECO_SECTOR_SER","Economic activity (Broad sector): Services",177
"ECO_SECTOR_X","Economic activity (Broad sector): Not classified",178
"ECO_TOTNAG_TOTAL","Economic activity (Total, Non-agriculture): Total",179
"ECO_TOTNAG_NAG","Economic activity (Total, Non-agriculture): Non-agriculture",180
"EC2_ISIC4_TOTAL","Economic activity (ISIC-Rev.4), 2 digit level: Total",181
"EC2_ISIC4_A01","Economic activity (ISIC-Rev.4), 2 digit level: 01 - Crop and animal production, hunting and related service activities",182
"EC2_ISIC4_A02","Economic activity (ISIC-Rev.4), 2 digit level: 02 - Forestry and logging",183
"EC2_ISIC4_A03","Economic activity (ISIC-Rev.4), 2 digit level: 03 - Fishing and aquaculture",184
"EC2_ISIC4_B05","Economic activity (ISIC-Rev.4), 2 digit level: 05 - Mining of coal and lignite",185
"EC2_ISIC4_B06","Economic activity (ISIC-Rev.4), 2 digit level: 06 - Extraction of crude petroleum and natural gas",186
"EC2_ISIC4_B07","Economic activity (ISIC-Rev.4), 2 digit level: 07 - Mining of metal ores",187
"EC2_ISIC4_B08","Economic activity (ISIC-Rev.4), 2 digit level: 08 - Other mining and quarrying",188
"EC2_ISIC4_B09","Economic activity (ISIC-Rev.4), 2 digit level: 09 - Mining support service activities",189
"EC2_ISIC4_C10","Economic activity (ISIC-Rev.4), 2 digit level: 10 - Manufacture of food products",190
"EC2_ISIC4_C11","Economic activity (ISIC-Rev.4), 2 digit level: 11 - Manufacture of beverages",191
"EC2_ISIC4_C12","Economic activity (ISIC-Rev.4), 2 digit level: 12 - Manufacture of tobacco products",192
"EC2_ISIC4_C13","Economic activity (ISIC-Rev.4), 2 digit level: 13 - Manufacture of textiles",193
"EC2_ISIC4_C14","Economic activity (ISIC-Rev.4), 2 digit level: 14 - Manufacture of wearing apparel",194
"EC2_ISIC4_C15","Economic activity (ISIC-Rev.4), 2 digit level: 15 - Manufacture of leather and related products",195
"EC2_ISIC4_C16","Economic activity (ISIC-Rev.4), 2 digit level: 16 - Manufacture of wood and of products of wood and cork, except furniture; manufacture of articles of straw and plaiting materials",196
"EC2_ISIC4_C17","Economic activity (ISIC-Rev.4), 2 digit level: 17 - Manufacture of paper and paper products",197
"EC2_ISIC4_C18","Economic activity (ISIC-Rev.4), 2 digit level: 18 - Printing and reproduction of recorded media",198
"EC2_ISIC4_C19","Economic activity (ISIC-Rev.4), 2 digit level: 19 - Manufacture of coke and refined petroleum products",199
"EC2_ISIC4_C20","Economic activity (ISIC-Rev.4), 2 digit level: 20 - Manufacture of chemicals and chemical products",200
"EC2_ISIC4_C21","Economic activity (ISIC-Rev.4), 2 digit level: 21 - Manufacture of pharmaceuticals, medicinal chemical and botanical products",201
"EC2_ISIC4_C22","Economic activity (ISIC-Rev.4), 2 digit level: 22 - Manufacture of rubber and plastics products",202
"EC2_ISIC4_C23","Economic activity (ISIC-Rev.4), 2 digit level: 23 - Manufacture of other non-metallic mineral products",203
"EC2_ISIC4_C24","Economic activity (ISIC-Rev.4), 2 digit level: 24 - Manufacture of basic metals",204
"EC2_ISIC4_C25","Economic activity (ISIC-Rev.4), 2 digit level: 25 - Manufacture of fabricated metal products, except machinery and equipment",205
"EC2_ISIC4_C26","Economic activity (ISIC-Rev.4), 2 digit level: 26 - Manufacture of computer, electronic and optical products",206
"EC2_ISIC4_C27","Economic activity (ISIC-Rev.4), 2 digit level: 27 - Manufacture of electrical equipment",207
"EC2_ISIC4_C28","Economic activity (ISIC-Rev.4), 2 digit level: 28 - Manufacture of machinery and equipment n.e.c.",208
"EC2_ISIC4_C29","Economic activity (ISIC-Rev.4), 2 digit level: 29 - Manufacture of motor vehicles, trailers and semi-trailers",209
"EC2_ISIC4_C30","Economic activity (ISIC-Rev.4), 2 digit level: 30 - Manufacture of other transport equipment",210
"EC2_ISIC4_C31","Economic activity (ISIC-Rev.4), 2 digit level: 31 - Manufacture of furniture",211
"EC2_ISIC4_C32","Economic activity (ISIC-Rev.4), 2 digit level: 32 - Other manufacturing",212
"EC2_ISIC4_C33","Economic activity (ISIC-Rev.4), 2 digit level: 33 - Repair and installation of machinery and equipment",213
"EC2_ISIC4_D35","Economic activity (ISIC-Rev.4), 2 digit level: 35 - Electricity, gas, steam and air conditioning supply",214
"EC2_ISIC4_E36","Economic activity (ISIC-Rev.4), 2 digit level: 36 - Water collection, treatment and supply",215
"EC2_ISIC4_E37","Economic activity (ISIC-Rev.4), 2 digit level: 37 - Sewerage",216
"EC2_ISIC4_E38","Economic activity (ISIC-Rev.4), 2 digit level: 38 - Waste collection, treatment and disposal activities; materials recovery",217
"EC2_ISIC4_E39","Economic activity (ISIC-Rev.4), 2 digit level: 39 - Remediation activities and other waste management services",218
"EC2_ISIC4_F41","Economic activity (ISIC-Rev.4), 2 digit level: 41 - Construction of buildings",219
"EC2_ISIC4_F42","Economic activity (ISIC-Rev.4), 2 digit level: 42 - Civil engineering",220
"EC2_ISIC4_F43","Economic activity (ISIC-Rev.4), 2 digit level: 43 - Specialized construction activities",221
"EC2_ISIC4_G45","Economic activity (ISIC-Rev.4), 2 digit level: 45 - Wholesale and retail trade and repair of motor vehicles and motorcycles",222
"EC2_ISIC4_G46","Economic activity (ISIC-Rev.4), 2 digit level: 46 - Wholesale trade, except of motor vehicles and motorcycles",223
"EC2_ISIC4_G47","Economic activity (ISIC-Rev.4), 2 digit level: 47 - Retail trade, except of motor vehicles and motorcycles",224
"EC2_ISIC4_H49","Economic activity (ISIC-Rev.4), 2 digit level: 49 - Land transport and transport via pipelines",225
"EC2_ISIC4_H50","Economic activity (ISIC-Rev.4), 2 digit level: 50 - Water transport",226
"EC2_ISIC4_H51","Economic activity (ISIC-Rev.4), 2 digit level: 51 - Air transport",227
"EC2_ISIC4_H52","Economic activity (ISIC-Rev.4), 2 digit level: 52 - Warehousing and support activities for transportation",228
"EC2_ISIC4_H53","Economic activity (ISIC-Rev.4), 2 digit level: 53 - Postal and courier activities",229
"EC2_ISIC4_I55","Economic activity (ISIC-Rev.4), 2 digit level: 55 - Accommodation",230
"EC2_ISIC4_I56","Economic activity (ISIC-Rev.4), 2 digit level: 56 - Food and beverage service activities",231
"EC2_ISIC4_J58","Economic activity (ISIC-Rev.4), 2 digit level: 58 - Publishing activities",232
"EC2_ISIC4_J59","Economic activity (ISIC-Rev.4), 2 digit level: 59 - Motion picture, video and television programme production, sound recording and music publishing activities",233
"EC2_ISIC4_J60","Economic activity (ISIC-Rev.4), 2 digit level: 60 - Programming and broadcasting activities",234
"EC2_ISIC4_J61","Economic activity (ISIC-Rev.4), 2 digit level: 61 - Telecommunications",235
"EC2_ISIC4_J62","Economic activity (ISIC-Rev.4), 2 digit level: 62 - Computer programming, consultancy and related activities",236
"EC2_ISIC4_J63","Economic activity (ISIC-Rev.4), 2 digit level: 63 - Information service activities",237
"EC2_ISIC4_K64","Economic activity (ISIC-Rev.4), 2 digit level: 64 - Financial service activities, except insurance and pension funding",238
"EC2_ISIC4_K65","Economic activity (ISIC-Rev.4), 2 digit level: 65 - Insurance, reinsurance and pension funding, except compulsory social security",239
"EC2_ISIC4_K66","Economic activity (ISIC-Rev.4), 2 digit level: 66 - Activities auxiliary to financial service and insurance activities",240
"EC2_ISIC4_L68","Economic activity (ISIC-Rev.4), 2 digit level: 68 - Real estate activities",241
"EC2_ISIC4_M69","Economic activity (ISIC-Rev.4), 2 digit level: 69 - Legal and accounting activities",242
"EC2_ISIC4_M70","Economic activity (ISIC-Rev.4), 2 digit level: 70 - Activities of head offices; management consultancy activities",243
"EC2_ISIC4_M71","Economic activity (ISIC-Rev.4), 2 digit level: 71 - Architectural and engineering activities; technical testing and analysis",244
"EC2_ISIC4_M72","Economic activity (ISIC-Rev.4), 2 digit level: 72 - Scientific research and development",245
"EC2_ISIC4_M73","Economic activity (ISIC-Rev.4), 2 digit level: 73 - Advertising and market research",246
"EC2_ISIC4_M74","Economic activity (ISIC-Rev.4), 2 digit level: 74 - Other professional, scientific and technical activities",247
"EC2_ISIC4_M75","Economic activity (ISIC-Rev.4), 2 digit level: 75 - Veterinary activities",248
"EC2_ISIC4_N77","Economic activity (ISIC-Rev.4), 2 digit level: 77 - Rental and leasing activities",249
"EC2_ISIC4_N78","Economic activity (ISIC-Rev.4), 2 digit level: 78 - Employment activities",250
"EC2_ISIC4_N79","Economic activity (ISIC-Rev.4), 2 digit level: 79 - Travel agency, tour operator, reservation service and related activities",251
"EC2_ISIC4_N80","Economic activity (ISIC-Rev.4), 2 digit level: 80 - Security and investigation activities",252
"EC2_ISIC4_N81","Economic activity (ISIC-Rev.4), 2 digit level: 81 - Services to buildings and landscape activities",253
"EC2_ISIC4_N82","Economic activity (ISIC-Rev.4), 2 digit level: 82 - Office administrative, office support and other business support activities",254
"EC2_ISIC4_O84","Economic activity (ISIC-Rev.4), 2 digit level: 84 - Public administration and defence; compulsory social security",255
"EC2_ISIC4_P85","Economic activity (ISIC-Rev.4), 2 digit level: 85 - Education",256
"EC2_ISIC4_Q86","Economic activity (ISIC-Rev.4), 2 digit level: 86 - Human health activities",257
"EC2_ISIC4_Q87","Economic activity (ISIC-Rev.4), 2 digit level: 87 - Residential care activities",258
"EC2_ISIC4_Q88","Economic activity (ISIC-Rev.4), 2 digit level: 88 - Social work activities without accommodation",259
"EC2_ISIC4_R90","Economic activity (ISIC-Rev.4), 2 digit level: 90 - Creative, arts and entertainment activities",260
"EC2_ISIC4_R91","Economic activity (ISIC-Rev.4), 2 digit level: 91 - Libraries, archives, museums and other cultural activities",261
"EC2_ISIC4_R92","Economic activity (ISIC-Rev.4), 2 digit level: 92 - Gambling and betting activities",262
"EC2_ISIC4_R93","Economic activity (ISIC-Rev.4), 2 digit level: 93 - Sports activities and amusement and recreation activities",263
"EC2_ISIC4_S94","Economic activity (ISIC-Rev.4), 2 digit level: 94 - Activities of membership organizations",264
"EC2_ISIC4_S95","Economic activity (ISIC-Rev.4), 2 digit level: 95 - Repair of computers and personal and household goods",265
"EC2_ISIC4_S96","Economic activity (ISIC-Rev.4), 2 digit level: 96 - Other personal service activities",266
"EC2_ISIC4_T97","Economic activity (ISIC-Rev.4), 2 digit level: 97 - Activities of households as employers of domestic personnel",267
"EC2_ISIC4_T98","Economic activity (ISIC-Rev.4), 2 digit level: 98 - Undifferentiated goods- and services-producing activities of private households for own use",268
"EC2_ISIC4_U99","Economic activity (ISIC-Rev.4), 2 digit level: 99 - Activities of extraterritorial organizations and bodies",269
"EC2_ISIC4_X","Economic activity (ISIC-Rev.4), 2 digit level: Not elsewhere classified",270
"EC2_ISIC3_TOTAL","Economic activity (ISIC-Rev.3.1), 2 digit level: Total",271
"EC2_ISIC3_A01","Economic activity (ISIC-Rev.3.1), 2 digit level: 01 - Agriculture, hunting and related service activities",272
"EC2_ISIC3_A02","Economic activity (ISIC-Rev.3.1), 2 digit level: 02 - Forestry, logging and related service activities",273
"EC2_ISIC3_B05","Economic activity (ISIC-Rev.3.1), 2 digit level: 05 - Fishing, aquaculture and service activities incidental to fishing",274
"EC2_ISIC3_C10","Economic activity (ISIC-Rev.3.1), 2 digit level: 10 - Mining of coal and lignite; extraction of peat",275
"EC2_ISIC3_C11","Economic activity (ISIC-Rev.3.1), 2 digit level: 11 - Extraction of crude petroleum and natural gas; service activities incidental to oil and gas extraction, excluding surveying",276
"EC2_ISIC3_C12","Economic activity (ISIC-Rev.3.1), 2 digit level: 12 - Mining of uranium and thorium ores",277
"EC2_ISIC3_C13","Economic activity (ISIC-Rev.3.1), 2 digit level: 13 - Mining of metal ores",278
"EC2_ISIC3_C14","Economic activity (ISIC-Rev.3.1), 2 digit level: 14 - Other mining and quarrying",279
"EC2_ISIC3_D15","Economic activity (ISIC-Rev.3.1), 2 digit level: 15 - Manufacture of food products and beverages",280
"EC2_ISIC3_D16","Economic activity (ISIC-Rev.3.1), 2 digit level: 16 - Manufacture of tobacco products",281
"EC2_ISIC3_D17","Economic activity (ISIC-Rev.3.1), 2 digit level: 17 - Manufacture of textiles",282
"EC2_ISIC3_D18","Economic activity (ISIC-Rev.3.1), 2 digit level: 18 - Manufacture of wearing apparel; dressing and dyeing of fur",283
"EC2_ISIC3_D19","Economic activity (ISIC-Rev.3.1), 2 digit level: 19 - Tanning and dressing of leather; manufacture of luggage, handbags, saddlery, harness and footwear",284
"EC2_ISIC3_D20","Economic activity (ISIC-Rev.3.1), 2 digit level: 20 - Manufacture of wood and of products of wood and cork, except furniture; manufacture of articles of straw and plaiting materials",285
"EC2_ISIC3_D21","Economic activity (ISIC-Rev.3.1), 2 digit level: 21 - Manufacture of paper and paper products",286
"EC2_ISIC3_D22","Economic activity (ISIC-Rev.3.1), 2 digit level: 22 - Publishing, printing and reproduction of recorded media",287
"EC2_ISIC3_D23","Economic activity (ISIC-Rev.3.1), 2 digit level: 23 - Manufacture of coke, refined petroleum products and nuclear fuel",288
"EC2_ISIC3_D24","Economic activity (ISIC-Rev.3.1), 2 digit level: 24 - Manufacture of chemicals and chemical products",289
"EC2_ISIC3_D25","Economic activity (ISIC-Rev.3.1), 2 digit level: 25 - Manufacture of rubber and plastics products",290
"EC2_ISIC3_D26","Economic activity (ISIC-Rev.3.1), 2 digit level: 26 - Manufacture of other non-metallic mineral products",291
"EC2_ISIC3_D27","Economic activity (ISIC-Rev.3.1), 2 digit level: 27 - Manufacture of basic metals",292
"EC2_ISIC3_D28","Economic activity (ISIC-Rev.3.1), 2 digit level: 28 - Manufacture of fabricated metal products, except machinery and equipment",293
"EC2_ISIC3_D29","Economic activity (ISIC-Rev.3.1), 2 digit level: 29 - Manufacture of machinery and equipment n.e.c.",294
"EC2_ISIC3_D30","Economic activity (ISIC-Rev.3.1), 2 digit level: 30 - Manufacture of office, accounting and computing machinery",295
"EC2_ISIC3_D31","Economic activity (ISIC-Rev.3.1), 2 digit level: 31 - Manufacture of electrical machinery and apparatus n.e.c.",296
"EC2_ISIC3_D32","Economic activity (ISIC-Rev.3.1), 2 digit level: 32 - Manufacture of radio, television and communication equipment and apparatus",297
"EC2_ISIC3_D33","Economic activity (ISIC-Rev.3.1), 2 digit level: 33 - Manufacture of medical, precision and optical instruments, watches and clocks",298
"EC2_ISIC3_D34","Economic activity (ISIC-Rev.3.1), 2 digit level: 34 - Manufacture of motor vehicles, trailers and semi-trailers",299
"EC2_ISIC3_D35","Economic activity (ISIC-Rev.3.1), 2 digit level: 35 - Manufacture of other transport equipment",300
"EC2_ISIC3_D36","Economic activity (ISIC-Rev.3.1), 2 digit level: 36 - Manufacture of furniture; manufacturing n.e.c.",301
"EC2_ISIC3_D37","Economic activity (ISIC-Rev.3.1), 2 digit level: 37 - Recycling",302
"EC2_ISIC3_E40","Economic activity (ISIC-Rev.3.1), 2 digit level: 40 - Electricity, gas, steam and hot water supply",303
"EC2_ISIC3_E41","Economic activity (ISIC-Rev.3.1), 2 digit level: 41 - Collection, purification and distribution of water",304
"EC2_ISIC3_F45","Economic activity (ISIC-Rev.3.1), 2 digit level: 45 - Construction",305
"EC2_ISIC3_G50","Economic activity (ISIC-Rev.3.1), 2 digit level: 50 - Sale, maintenance and repair of motor vehicles and motorcycles; retail sale of automotive fuel",306
"EC2_ISIC3_G51","Economic activity (ISIC-Rev.3.1), 2 digit level: 51 - Wholesale trade and commission trade, except of motor vehicles and motorcycles",307
"EC2_ISIC3_G52","Economic activity (ISIC-Rev.3.1), 2 digit level: 52 - Retail trade, except of motor vehicles and motorcycles; repair of personal and household goods",308
"EC2_ISIC3_H55","Economic activity (ISIC-Rev.3.1), 2 digit level: 55 - Hotels and restaurants",309
"EC2_ISIC3_I60","Economic activity (ISIC-Rev.3.1), 2 digit level: 60 - Land transport; transport via pipelines",310
"EC2_ISIC3_I61","Economic activity (ISIC-Rev.3.1), 2 digit level: 61 - Water transport",311
"EC2_ISIC3_I62","Economic activity (ISIC-Rev.3.1), 2 digit level: 62 - Air transport",312
"EC2_ISIC3_I63","Economic activity (ISIC-Rev.3.1), 2 digit level: 63 - Supporting and auxiliary transport activities; activities of travel agencies",313
"EC2_ISIC3_I64","Economic activity (ISIC-Rev.3.1), 2 digit level: 64 - Post and telecommunications",314
"EC2_ISIC3_J65","Economic activity (ISIC-Rev.3.1), 2 digit level: 65 - Financial intermediation, except insurance and pension funding",315
"EC2_ISIC3_J66","Economic activity (ISIC-Rev.3.1), 2 digit level: 66 - Insurance and pension funding, except compulsory social security",316
"EC2_ISIC3_J67","Economic activity (ISIC-Rev.3.1), 2 digit level: 67 - Activities auxiliary to financial intermediation",317
"EC2_ISIC3_K70","Economic activity (ISIC-Rev.3.1), 2 digit level: 70 - Real estate activities",318
"EC2_ISIC3_K71","Economic activity (ISIC-Rev.3.1), 2 digit level: 71 - Renting of machinery and equipment without operator and of personal and household goods",319
"EC2_ISIC3_K72","Economic activity (ISIC-Rev.3.1), 2 digit level: 72 - Computer and related activities",320
"EC2_ISIC3_K73","Economic activity (ISIC-Rev.3.1), 2 digit level: 73 - Research and development",321
"EC2_ISIC3_K74","Economic activity (ISIC-Rev.3.1), 2 digit level: 74 - Other business activities",322
"EC2_ISIC3_L75","Economic activity (ISIC-Rev.3.1), 2 digit level: 75 - Public administration and defence; compulsory social security",323
"EC2_ISIC3_M80","Economic activity (ISIC-Rev.3.1), 2 digit level: 80 - Education",324
"EC2_ISIC3_N85","Economic activity (ISIC-Rev.3.1), 2 digit level: 85 - Health and social work",325
"EC2_ISIC3_O90","Economic activity (ISIC-Rev.3.1), 2 digit level: 90 - Sewage and refuse disposal, sanitation and similar activities",326
"EC2_ISIC3_O91","Economic activity (ISIC-Rev.3.1), 2 digit level: 91 - Activities of membership organizations n.e.c.",327
"EC2_ISIC3_O92","Economic activity (ISIC-Rev.3.1), 2 digit level: 92 - Recreational, cultural and sporting activities",328
"EC2_ISIC3_O93","Economic activity (ISIC-Rev.3.1), 2 digit level: 93 - Other service activities",329
"EC2_ISIC3_P95","Economic activity (ISIC-Rev.3.1), 2 digit level: 95 - Activities of private households as employers of domestic staff",330
"EC2_ISIC3_P96","Economic activity (ISIC-Rev.3.1), 2 digit level: 96 - Undifferentiated goods-producing activities of private households for own use",331
"EC2_ISIC3_P97","Economic activity (ISIC-Rev.3.1), 2 digit level: 97 - Undifferentiated service-producing activities of private households for own use",332
"EC2_ISIC3_Q99","Economic activity (ISIC-Rev.3.1), 2 digit level: 99 - Extraterritorial organizations and bodies",333
"EC2_ISIC3_X","Economic activity (ISIC-Rev.3.1), 2 digit level: Not elsewhere classified",334
"OCU_ISCO08_TOTAL","Occupation (ISCO-08): Total",335
"OCU_ISCO08_1","Occupation (ISCO-08): 1. Managers",336
"OCU_ISCO08_2","Occupation (ISCO-08): 2. Professionals",337
"OCU_ISCO08_3","Occupation (ISCO-08): 3. Technicians and associate professionals",338
"OCU_ISCO08_4","Occupation (ISCO-08): 4. Clerical support workers",339
"OCU_ISCO08_5","Occupation (ISCO-08): 5. Service and sales workers",340
"OCU_ISCO08_6","Occupation (ISCO-08): 6. Skilled agricultural, forestry and fishery workers",341
"OCU_ISCO08_7","Occupation (ISCO-08): 7. Craft and related trades workers",342
"OCU_ISCO08_8","Occupation (ISCO-08): 8. Plant and machine operators, and assemblers",343
"OCU_ISCO08_9","Occupation (ISCO-08): 9. Elementary occupations",344
"OCU_ISCO08_0","Occupation (ISCO-08): 0. Armed forces occupations",345
"OCU_ISCO08_X","Occupation (ISCO-08): X. Not elsewhere classified",346
"OCU_ISCO88_TOTAL","Occupation (ISCO-88): Total",347
"OCU_ISCO88_1","Occupation (ISCO-88): 1. Legislators, senior officials and managers",348
"OCU_ISCO88_2","Occupation (ISCO-88): 2. Professionals",349
"OCU_ISCO88_3","Occupation (ISCO-88): 3. Technicians and associate professionals",350
"OCU_ISCO88_4","Occupation (ISCO-88): 4. Clerks",351
"OCU_ISCO88_5","Occupation (ISCO-88): 5. Service workers and shop and market sales workers",352
"OCU_ISCO88_6","Occupation (ISCO-88): 6. Skilled agricultural and fishery workers",353
"OCU_ISCO88_7","Occupation (ISCO-88): 7. Craft and related trades workers",354
"OCU_ISCO88_8","Occupation (ISCO-88): 8. Plant and machine operators and assemblers",355
"OCU_ISCO88_9","Occupation (ISCO-88): 9. Elementary occupations",356
"OCU_ISCO88_0","Occupation (ISCO-88): 0. Armed forces",357
"OCU_ISCO88_X","Occupation (ISCO-88): X. Not elsewhere classified",358
"OCU_DETAILS_TOTAL","Occupation (Detailed): Total",359
"OCU_DETAILS_1","Occupation (Detailed): 1. Managers",360
"OCU_DETAILS_2","Occupation (Detailed): 2. Professionals",361
"OCU_DETAILS_3","Occupation (Detailed): 3. Technicians and associate professionals",362
"OCU_DETAILS_4","Occupation (Detailed): 4. Clerical support workers",363
"OCU_DETAILS_5","Occupation (Detailed): 5. Service and sales workers",364
"OCU_DETAILS_7","Occupation (Detailed): 7. Craft and related trades workers",365
"OCU_DETAILS_8","Occupation (Detailed): 8. Plant and machine operators, and assemblers",366
"OCU_DETAILS_96","Occupation (Detailed): 96. Elementary occupations and skilled agricultural, forestry and fishery workers",367
"OCU_MGMT_SENIOR","Occupation (Managerial positions): Senior and middle management",368
"OCU_MGMT_TOTAL","Occupation (Managerial positions): Total management",369
"OCU_ISCO68_TOTAL","Occupation (ISCO-68): Total",370
"OCU_ISCO68_0-1","Occupation (ISCO-68): 0/1. Professional, technical and related workers",371
"OCU_ISCO68_2","Occupation (ISCO-68): 2. Administrative and managerial workers",372
"OCU_ISCO68_3","Occupation (ISCO-68): 3. Clerical and related workers",373
"OCU_ISCO68_4","Occupation (ISCO-68): 4. Sales workers",374
"OCU_ISCO68_5","Occupation (ISCO-68): 5. Service workers",375
"OCU_ISCO68_6","Occupation (ISCO-68): 6. Agriculture, animal husbandry and forestry workers, fishermen and hunters",376
"OCU_ISCO68_7-9","Occupation (ISCO-68): 7,8,9. Production and related workers, transport equipment operators and labourers",377
"OCU_ISCO68_X","Occupation (ISCO-68): X. Not elsewhere classified",378
"OCU_ISCO68_AF","Occupation (ISCO-68): AF. Armed Forces",379
"OCU_SKILL_TOTAL","Occupation  (Skill level): Total",380
"OCU_SKILL_L3-4","Occupation  (Skill level): Skill levels 3 and 4 (high)",381
"OCU_SKILL_L2","Occupation  (Skill level): Skill level 2 (medium)",382
"OCU_SKILL_L1","Occupation  (Skill level): Skill level 1 (low)",383
"OCU_SKILL_X","Occupation  (Skill level): Not elsewhere classified",384
"OC2_ISCO08_TOTAL","Occupation (ISCO-08), 2 digit level: Total",385
"OC2_ISCO08_01","Occupation (ISCO-08), 2 digit level: 01 - Commissioned armed forces officers",386
"OC2_ISCO08_02","Occupation (ISCO-08), 2 digit level: 02 - Non-commissioned armed forces officers",387
"OC2_ISCO08_03","Occupation (ISCO-08), 2 digit level: 03 - Armed forces occupations, other ranks",388
"OC2_ISCO08_11","Occupation (ISCO-08), 2 digit level: 11 - Chief executives, senior officials and legislators",389
"OC2_ISCO08_12","Occupation (ISCO-08), 2 digit level: 12 - Administrative and commercial managers",390
"OC2_ISCO08_13","Occupation (ISCO-08), 2 digit level: 13 - Production and specialised services managers",391
"OC2_ISCO08_14","Occupation (ISCO-08), 2 digit level: 14 - Hospitality, retail and other services managers",392
"OC2_ISCO08_21","Occupation (ISCO-08), 2 digit level: 21 - Science and engineering professionals",393
"OC2_ISCO08_22","Occupation (ISCO-08), 2 digit level: 22 - Health professionals",394
"OC2_ISCO08_23","Occupation (ISCO-08), 2 digit level: 23 - Teaching professionals",395
"OC2_ISCO08_24","Occupation (ISCO-08), 2 digit level: 24 - Business and administration professionals",396
"OC2_ISCO08_25","Occupation (ISCO-08), 2 digit level: 25 - Information and communications technology professionals",397
"OC2_ISCO08_26","Occupation (ISCO-08), 2 digit level: 26 - Legal, social and cultural professionals",398
"OC2_ISCO08_31","Occupation (ISCO-08), 2 digit level: 31 - Science and engineering associate professionals",399
"OC2_ISCO08_32","Occupation (ISCO-08), 2 digit level: 32 - Health associate professionals",400
"OC2_ISCO08_33","Occupation (ISCO-08), 2 digit level: 33 - Business and administration associate professionals",401
"OC2_ISCO08_34","Occupation (ISCO-08), 2 digit level: 34 - Legal, social, cultural and related associate professionals",402
"OC2_ISCO08_35","Occupation (ISCO-08), 2 digit level: 35 - Information and communications technicians",403
"OC2_ISCO08_41","Occupation (ISCO-08), 2 digit level: 41 - General and keyboard clerks",404
"OC2_ISCO08_42","Occupation (ISCO-08), 2 digit level: 42 - Customer services clerks",405
"OC2_ISCO08_43","Occupation (ISCO-08), 2 digit level: 43 - Numerical and material recording clerks",406
"OC2_ISCO08_44","Occupation (ISCO-08), 2 digit level: 44 - Other clerical support workers",407
"OC2_ISCO08_51","Occupation (ISCO-08), 2 digit level: 51 - Personal service workers",408
"OC2_ISCO08_52","Occupation (ISCO-08), 2 digit level: 52 - Sales workers",409
"OC2_ISCO08_53","Occupation (ISCO-08), 2 digit level: 53 - Personal care workers",410
"OC2_ISCO08_54","Occupation (ISCO-08), 2 digit level: 54 - Protective services workers",411
"OC2_ISCO08_61","Occupation (ISCO-08), 2 digit level: 61 - Market-oriented skilled agricultural workers",412
"OC2_ISCO08_62","Occupation (ISCO-08), 2 digit level: 62 - Market-oriented skilled forestry, fishery and hunting workers",413
"OC2_ISCO08_63","Occupation (ISCO-08), 2 digit level: 63 - Subsistence farmers, fishers, hunters and gatherers",414
"OC2_ISCO08_71","Occupation (ISCO-08), 2 digit level: 71 - Building and related trades workers, excluding electricians",415
"OC2_ISCO08_72","Occupation (ISCO-08), 2 digit level: 72 - Metal, machinery and related trades workers",416
"OC2_ISCO08_73","Occupation (ISCO-08), 2 digit level: 73 - Handicraft and printing workers",417
"OC2_ISCO08_74","Occupation (ISCO-08), 2 digit level: 74 - Electrical and electronic trades workers",418
"OC2_ISCO08_75","Occupation (ISCO-08), 2 digit level: 75 - Food processing, wood working, garment and other craft and related trades workers",419
"OC2_ISCO08_81","Occupation (ISCO-08), 2 digit level: 81 - Stationary plant and machine operators",420
"OC2_ISCO08_82","Occupation (ISCO-08), 2 digit level: 82 - Assemblers",421
"OC2_ISCO08_83","Occupation (ISCO-08), 2 digit level: 83 - Drivers and mobile plant operators",422
"OC2_ISCO08_91","Occupation (ISCO-08), 2 digit level: 91 - Cleaners and helpers",423
"OC2_ISCO08_92","Occupation (ISCO-08), 2 digit level: 92 - Agricultural, forestry and fishery labourers",424
"OC2_ISCO08_93","Occupation (ISCO-08), 2 digit level: 93 - Labourers in mining, construction, manufacturing and transport",425
"OC2_ISCO08_94","Occupation (ISCO-08), 2 digit level: 94 - Food preparation assistants",426
"OC2_ISCO08_95","Occupation (ISCO-08), 2 digit level: 95 - Street and related sales and service workers",427
"OC2_ISCO08_96","Occupation (ISCO-08), 2 digit level: 96 - Refuse workers and other elementary workers",428
"OC2_ISCO08_X","Occupation (ISCO-08), 2 digit level: Not elsewhere classified",429
"OC2_ISCO88_TOTAL","Occupation (ISCO-88), 2 digit level: Total",430
"OC2_ISCO88_01","Occupation (ISCO-88), 2 digit level: 01 - Armed forces",431
"OC2_ISCO88_11","Occupation (ISCO-88), 2 digit level: 11 - Legislators and senior officials",432
"OC2_ISCO88_12","Occupation (ISCO-88), 2 digit level: 12 - Corporate managers",433
"OC2_ISCO88_13","Occupation (ISCO-88), 2 digit level: 13 - General managers",434
"OC2_ISCO88_21","Occupation (ISCO-88), 2 digit level: 21 - Physical, mathematical and engineering science professionals",435
"OC2_ISCO88_22","Occupation (ISCO-88), 2 digit level: 22 - Life science and health professionals",436
"OC2_ISCO88_23","Occupation (ISCO-88), 2 digit level: 23 - Teaching professionals",437
"OC2_ISCO88_24","Occupation (ISCO-88), 2 digit level: 24 - Other professionals",438
"OC2_ISCO88_31","Occupation (ISCO-88), 2 digit level: 31 - Physical and engineering science associate professionals",439
"OC2_ISCO88_32","Occupation (ISCO-88), 2 digit level: 32 - Life science and health associate professionals",440
"OC2_ISCO88_33","Occupation (ISCO-88), 2 digit level: 33 - Teaching associate professionals",441
"OC2_ISCO88_34","Occupation (ISCO-88), 2 digit level: 34 - Other associate professionals",442
"OC2_ISCO88_41","Occupation (ISCO-88), 2 digit level: 41 - Office clerks",443
"OC2_ISCO88_42","Occupation (ISCO-88), 2 digit level: 42 - Customer services clerks",444
"OC2_ISCO88_51","Occupation (ISCO-88), 2 digit level: 51 - Personal and protective services workers",445
"OC2_ISCO88_52","Occupation (ISCO-88), 2 digit level: 52 - Models, salespersons and demonstrators",446
"OC2_ISCO88_61","Occupation (ISCO-88), 2 digit level: 61 - Market-oriented skilled agricultural and fishery workers",447
"OC2_ISCO88_62","Occupation (ISCO-88), 2 digit level: 62 - Subsistence agricultural and fishery workers",448
"OC2_ISCO88_71","Occupation (ISCO-88), 2 digit level: 71 - Extraction and building trades workers",449
"OC2_ISCO88_72","Occupation (ISCO-88), 2 digit level: 72 - Metal, machinery and related trades workers",450
"OC2_ISCO88_73","Occupation (ISCO-88), 2 digit level: 73 - Precision, handicraft, printing and related trades workers",451
"OC2_ISCO88_74","Occupation (ISCO-88), 2 digit level: 74 - Other craft and related trades workers",452
"OC2_ISCO88_81","Occupation (ISCO-88), 2 digit level: 81 - Stationary-plant and related operators",453
"OC2_ISCO88_82","Occupation (ISCO-88), 2 digit level: 82 - Machine operators and assemblers",454
"OC2_ISCO88_83","Occupation (ISCO-88), 2 digit level: 83 - Drivers and mobile-plant operators",455
"OC2_ISCO88_91","Occupation (ISCO-88), 2 digit level: 91 - Sales and services elementary occupations",456
"OC2_ISCO88_92","Occupation (ISCO-88), 2 digit level: 92 - Agricultural, fishery and related labourers",457
"OC2_ISCO88_93","Occupation (ISCO-88), 2 digit level: 93 - Labourers in mining, construction, manufacturing and transport",458
"OC2_ISCO88_X","Occupation (ISCO-88), 2 digit level: Not elsewhere classified",459
"GOV_LVL_PSE","Level: Total public sector",460
"GOV_LVL_GG","Level: General government",461
"GOV_LVL_GGCENTRAL","Level: General government: Central",462
"GOV_LVL_GGREGION","Level: General government: Regional",463
"GOV_LVL_GGLOCAL","Level: General government: Local",464
"GOV_LVL_GGSS","Level: General government: Social security",465
"GOV_LVL_PUBCORP","Level: Public corporations",466
"GOV_LVL_PRV","Level: Private sector",467
"GOV_LVL_X","Level: Not classified",468
"GOV_LVL_TOTAL","Level: Total employment",469
"HOW_BANDS_TOTAL","Hour bands: Total",470
"HOW_BANDS_H00","Hour bands: No hours actually worked",471
"HOW_BANDS_H01-14","Hour bands: 01-14",472
"HOW_BANDS_H15-24","Hour bands: 15-24",473
"HOW_BANDS_H15-29","Hour bands: 15-29",474
"HOW_BANDS_HLT25","Hour bands: <25",475
"HOW_BANDS_H25-34","Hour bands: 25-34",476
"HOW_BANDS_H30-34","Hour bands: 30-34",477
"HOW_BANDS_H35-39","Hour bands: 35-39",478
"HOW_BANDS_H40-48","Hour bands: 40-48",479
"HOW_BANDS_HGE40","Hour bands: 40+",480
"HOW_BANDS_HGE49","Hour bands: 49+",481
"HOW_BANDS_HGE50","Hour bands: 50+",482
"HOW_BANDS_HGE60","Hour bands: 60+",483
"HOW_BANDS_VARY","Hour bands: Hours vary",484
"HOW_BANDS_X","Hour bands: Not elsewhere classified",485
"CAT_UNE_TOTAL","Type: Total",486
"CAT_UNE_PRE","Type: Unemployed previously employed",487
"CAT_UNE_FJS","Type: Unemployed seeking their first job",488
"CAT_UNE_UNK","Type: Not elsewhere classified",489
"DUR_AGGREGATE_TOTAL","Duration (Aggregate): Total",490
"DUR_AGGREGATE_MLT6","Duration (Aggregate): Less than 6 months",491
"DUR_AGGREGATE_MGE6LT12","Duration (Aggregate): 6 months to less than 12 months",492
"DUR_AGGREGATE_MGE12","Duration (Aggregate): 12 months or more",493
"DUR_AGGREGATE_X","Duration (Aggregate): Not elsewhere classified",494
"QTL_DECILE_01","Decile: Decile 1",495
"QTL_DECILE_02","Decile: Decile 2",496
"QTL_DECILE_03","Decile: Decile 3",497
"QTL_DECILE_04","Decile: Decile 4",498
"QTL_DECILE_05","Decile: Decile 5",499
"QTL_DECILE_06","Decile: Decile 6",500
"QTL_DECILE_07","Decile: Decile 7",501
"QTL_DECILE_08","Decile: Decile 8",502
"QTL_DECILE_09","Decile: Decile 9",503
"QTL_DECILE_10","Decile: Decile 10",504
"INJ_INCAPACITY_TOTAL","Type of incapacity: Total",505
"INJ_INCAPACITY_PRM","Type of incapacity: Permanent incapacity",506
"INJ_INCAPACITY_TMP","Type of incapacity: Temporary incapacity",507
"COI_COMPO_GEN","COICOP (Discontinued): General",508
"COI_COMPONENT_GEN","COICOP (Selected categories): General",509
"COI_COMPONENT_GEX","COICOP (Selected categories): General excluding actual and imputed rentals for housing",510
"COI_COMPO_FOO","COICOP (Discontinued): Food and non-alcoholic beverages",511
"COI_COMPONENT_FOO","COICOP (Selected categories): Food and non-alcoholic beverages",512
"COI_COMPONENT_CLO","COICOP (Selected categories): Clothing and footwear",513
"COI_COMPONENT_EGF","COICOP (Selected categories): Electricity, gas and other fuels",514
"COI_COMPONENT_HOU","COICOP (Selected categories): Actual and imputed rentals for housing",515
"COI_COICOP_CP01T12","COICOP (01-12): General - Individual consumption expenditure of households",516
"COI_COICOP_CP01","COICOP (01-12): 1. Food and non-alcoholic beverages",517
"COI_COICOP_CP02","COICOP (01-12): 2. Alcoholic beverages, tobacco and narcotics",518
"COI_COICOP_CP03","COICOP (01-12): 3. Clothing and footwear",519
"COI_COICOP_CP04","COICOP (01-12): 4. Housing, water, electricity, gas and other fuels",520
"COI_COICOP_CP05","COICOP (01-12): 5. Furnishings, household equipment and routine household maintenance",521
"COI_COICOP_CP06","COICOP (01-12): 6. Health",522
"COI_COICOP_CP07","COICOP (01-12): 7. Transport",523
"COI_COICOP_CP08","COICOP (01-12): 8. Communication",524
"COI_COICOP_CP09","COICOP (01-12): 9. Recreation and culture",525
"COI_COICOP_CP10","COICOP (01-12): 10. Education",526
"COI_COICOP_CP11","COICOP (01-12): 11. Restaurants and hotels",527
"COI_COICOP_CP12","COICOP (01-12): 12. Miscellaneous goods and services",528
"SOC_CONTIG_TOTAL","Contingency: Population covered by at least one social protection benefit",529
"SOC_CONTIG_PENSION","Contingency: Persons above retirement age receiving a pension",530
"SOC_CONTIG_DISAB","Contingency: Persons with severe disabilities collecting disability social protection benefits",531
"SOC_CONTIG_UNE","Contingency: Unemployed receiving unemployment benefits",532
"SOC_CONTIG_MAT","Contingency: Mothers with newborns receiving maternity benefits",533
"SOC_CONTIG_INJ","Contingency: Persons in the labour force covered in the event of work injury",534
"SOC_CONTIG_CHILD","Contingency: Children covered by social protection benefits",535
"SOC_CONTIG_POOR","Contingency: Poor persons covered by social protection systems",536
"SOC_CONTIG_VULN","Contingency: Vulnerable persons covered by social assistance",537
"MIG_STATUS_TOTAL","Migrant status: Total",538
"MIG_STATUS_MIGRANT","Migrant status: Migrants",539
"MIG_STATUS_NONMIG","Migrant status: Non migrants",540
"MIG_STATUS_MIGRANTEU","Migrant status: EU Migrants",541
"MIG_STATUS_MIGRANTNOTEU","Migrant status: Migrants excluding EU",542
"MIG_STATUS_X","Migrant status: Unknown",543
"EXP_COVERAGE_TOTAL","Coverage: Including health care",544
"EXP_COVERAGE_NONHEALTHCARE","Coverage: Excluding health care",545
"CUR_TYPE_LCU","Currency: Local currency",546
"CUR_TYPE_PPP2011","Currency: Constant 2011 PPP $",547
"CUR_TYPE_USD","Currency: U.S. dollars",548
"CCT_CTZ_TOTAL","Country of citizenship: Total",549
"CBR_BRT_TOTAL","Country of birth: Total",550
"CCT_CTZ_AFG","Country of citizenship: Afghanistan",551
"CBR_BRT_AFG","Country of birth: Afghanistan",552
"CCT_CTZ_ALB","Country of citizenship: Albania",553
"CBR_BRT_ALB","Country of birth: Albania",554
"CCT_CTZ_DZA","Country of citizenship: Algeria",555
"CBR_BRT_DZA","Country of birth: Algeria",556
"CCT_CTZ_ASM","Country of citizenship: American Samoa",557
"CCT_CTZ_AND","Country of citizenship: Andorra",558
"CCT_CTZ_AGO","Country of citizenship: Angola",559
"CBR_BRT_AGO","Country of birth: Angola",560
"CCT_CTZ_ARG","Country of citizenship: Argentina",561
"CBR_BRT_ARG","Country of birth: Argentina",562
"CCT_CTZ_ARM","Country of citizenship: Armenia",563
"CBR_BRT_ARM","Country of birth: Armenia",564
"CCT_CTZ_AUS","Country of citizenship: Australia",565
"CBR_BRT_AUS","Country of birth: Australia",566
"CCT_CTZ_AUT","Country of citizenship: Austria",567
"CBR_BRT_AUT","Country of birth: Austria",568
"CCT_CTZ_AZE","Country of citizenship: Azerbaijan",569
"CBR_BRT_AZE","Country of birth: Azerbaijan",570
"CCT_CTZ_BHS","Country of citizenship: Bahamas",571
"CBR_BRT_BHS","Country of birth: Bahamas",572
"CCT_CTZ_BHR","Country of citizenship: Bahrain",573
"CBR_BRT_BHR","Country of birth: Bahrain",574
"CCT_CTZ_BGD","Country of citizenship: Bangladesh",575
"CBR_BRT_BGD","Country of birth: Bangladesh",576
"CCT_CTZ_BRB","Country of citizenship: Barbados",577
"CCT_CTZ_BLR","Country of citizenship: Belarus",578
"CBR_BRT_BLR","Country of birth: Belarus",579
"CCT_CTZ_BEL","Country of citizenship: Belgium",580
"CBR_BRT_BEL","Country of birth: Belgium",581
"CBR_BRT_BLZ","Country of birth: Belize",582
"CCT_CTZ_BLZ","Country of citizenship: Belize",583
"CCT_CTZ_BEN","Country of citizenship: Benin",584
"CBR_BRT_BEN","Country of birth: Benin",585
"CCT_CTZ_BMU","Country of citizenship: Bermuda",586
"CCT_CTZ_BTN","Country of citizenship: Bhutan",587
"CBR_BRT_BTN","Country of birth: Bhutan",588
"CCT_CTZ_BOL","Country of citizenship: Bolivia",589
"CBR_BRT_BOL","Country of birth: Bolivia",590
"CCT_CTZ_BIH","Country of citizenship: Bosnia and Herzegovina",591
"CBR_BRT_BIH","Country of birth: Bosnia and Herzegovina",592
"CCT_CTZ_BWA","Country of citizenship: Botswana",593
"CCT_CTZ_BRA","Country of citizenship: Brazil",594
"CBR_BRT_BRA","Country of birth: Brazil",595
"CCT_CTZ_VGB","Country of citizenship: British Virgin Islands",596
"CCT_CTZ_BRN","Country of citizenship: Brunei Darussalam",597
"CBR_BRT_BRN","Country of birth: Brunei Darussalam",598
"CCT_CTZ_BGR","Country of citizenship: Bulgaria",599
"CBR_BRT_BGR","Country of birth: Bulgaria",600
"CCT_CTZ_BFA","Country of citizenship: Burkina Faso",601
"CBR_BRT_BFA","Country of birth: Burkina Faso",602
"CCT_CTZ_BDI","Country of citizenship: Burundi",603
"CBR_BRT_BDI","Country of birth: Burundi",604
"CCT_CTZ_KHM","Country of citizenship: Cambodia",605
"CBR_BRT_KHM","Country of birth: Cambodia",606
"CBR_BRT_CMR","Country of birth: Cameroon",607
"CCT_CTZ_CMR","Country of citizenship: Cameroon",608
"CCT_CTZ_CAN","Country of citizenship: Canada",609
"CBR_BRT_CAN","Country of birth: Canada",610
"CCT_CTZ_CPV","Country of citizenship: Cape Verde",611
"CBR_BRT_CPV","Country of birth: Cape Verde",612
"CCT_CTZ_CYM","Country of citizenship: Cayman Islands",613
"CCT_CTZ_CAF","Country of citizenship: Central African Republic",614
"CCT_CTZ_TCD","Country of citizenship: Chad",615
"CCT_CTZ_CHA","Country of citizenship: Channel Islands",616
"CBR_BRT_CHL","Country of birth: Chile",617
"CCT_CTZ_CHL","Country of citizenship: Chile",618
"CCT_CTZ_CHN","Country of citizenship: China",619
"CBR_BRT_CHN","Country of birth: China",620
"CCT_CTZ_COL","Country of citizenship: Colombia",621
"CBR_BRT_COL","Country of birth: Colombia",622
"CCT_CTZ_COM","Country of citizenship: Comoros",623
"CBR_BRT_COM","Country of birth: Comoros",624
"CCT_CTZ_COG","Country of citizenship: Congo",625
"CBR_BRT_COG","Country of birth: Congo",626
"CCT_CTZ_COD","Country of citizenship: Congo, Democratic Republic of the",627
"CBR_BRT_COD","Country of birth: Congo, Democratic Republic of the",628
"CCT_CTZ_COK","Country of citizenship: Cook Islands",629
"CCT_CTZ_CRI","Country of citizenship: Costa Rica",630
"CBR_BRT_CRI","Country of birth: Costa Rica",631
"CBR_BRT_HRV","Country of birth: Croatia",632
"CCT_CTZ_HRV","Country of citizenship: Croatia",633
"CCT_CTZ_CUB","Country of citizenship: Cuba",634
"CBR_BRT_CUB","Country of birth: Cuba",635
"CCT_CTZ_CUW","Country of citizenship: Curaçao",636
"CCT_CTZ_CYP","Country of citizenship: Cyprus",637
"CBR_BRT_CYP","Country of birth: Cyprus",638
"CBR_BRT_CZE","Country of birth: Czech Republic",639
"CCT_CTZ_CZE","Country of citizenship: Czech Republic",640
"CCT_CTZ_CIV","Country of citizenship: Côte d'Ivoire",641
"CBR_BRT_CIV","Country of birth: Côte d'Ivoire",642
"CCT_CTZ_DNK","Country of citizenship: Denmark",643
"CBR_BRT_DNK","Country of birth: Denmark",644
"CCT_CTZ_DJI","Country of citizenship: Djibouti",645
"CBR_BRT_DJI","Country of birth: Djibouti",646
"CCT_CTZ_DMA","Country of citizenship: Dominica",647
"CBR_BRT_DOM","Country of birth: Dominican Republic",648
"CCT_CTZ_DOM","Country of citizenship: Dominican Republic",649
"CCT_CTZ_ECU","Country of citizenship: Ecuador",650
"CBR_BRT_ECU","Country of birth: Ecuador",651
"CCT_CTZ_EGY","Country of citizenship: Egypt",652
"CBR_BRT_EGY","Country of birth: Egypt",653
"CCT_CTZ_SLV","Country of citizenship: El Salvador",654
"CBR_BRT_SLV","Country of birth: El Salvador",655
"CCT_CTZ_ERI","Country of citizenship: Eritrea",656
"CBR_BRT_ERI","Country of birth: Eritrea",657
"CCT_CTZ_EST","Country of citizenship: Estonia",658
"CBR_BRT_EST","Country of birth: Estonia",659
"CCT_CTZ_ETH","Country of citizenship: Ethiopia",660
"CCT_CTZ_FLK","Country of citizenship: Falkland Islands (Malvinas)",661
"CCT_CTZ_FJI","Country of citizenship: Fiji",662
"CCT_CTZ_FIN","Country of citizenship: Finland",663
"CBR_BRT_FIN","Country of birth: Finland",664
"CCT_CTZ_FRA","Country of citizenship: France",665
"CBR_BRT_FRA","Country of birth: France",666
"CCT_CTZ_PYF","Country of citizenship: French Polynesia",667
"CCT_CTZ_GAB","Country of citizenship: Gabon",668
"CBR_BRT_GAB","Country of birth: Gabon",669
"CCT_CTZ_GMB","Country of citizenship: Gambia",670
"CBR_BRT_GMB","Country of birth: Gambia",671
"CCT_CTZ_GEO","Country of citizenship: Georgia",672
"CBR_BRT_GEO","Country of birth: Georgia",673
"CCT_CTZ_DEU","Country of citizenship: Germany",674
"CBR_BRT_DEU","Country of birth: Germany",675
"CCT_CTZ_GHA","Country of citizenship: Ghana",676
"CBR_BRT_GHA","Country of birth: Ghana",677
"CCT_CTZ_GIB","Country of citizenship: Gibraltar",678
"CBR_BRT_GIB","Country of birth: Gibraltar",679
"CCT_CTZ_GRC","Country of citizenship: Greece",680
"CBR_BRT_GRC","Country of birth: Greece",681
"CCT_CTZ_GRL","Country of citizenship: Greenland",682
"CCT_CTZ_GRD","Country of citizenship: Grenada",683
"CCT_CTZ_GUM","Country of citizenship: Guam",684
"CCT_CTZ_GTM","Country of citizenship: Guatemala",685
"CBR_BRT_GTM","Country of birth: Guatemala",686
"CCT_CTZ_GIN","Country of citizenship: Guinea",687
"CBR_BRT_GIN","Country of birth: Guinea",688
"CCT_CTZ_GNB","Country of citizenship: Guinea-Bissau",689
"CBR_BRT_GNB","Country of birth: Guinea-Bissau",690
"CCT_CTZ_GUY","Country of citizenship: Guyana",691
"CCT_CTZ_HTI","Country of citizenship: Haiti",692
"CBR_BRT_HTI","Country of birth: Haiti",693
"CCT_CTZ_HND","Country of citizenship: Honduras",694
"CBR_BRT_HND","Country of birth: Honduras",695
"CCT_CTZ_HKG","Country of citizenship: Hong Kong, China",696
"CBR_BRT_HKG","Country of birth: Hong Kong, China",697
"CCT_CTZ_HUN","Country of citizenship: Hungary",698
"CBR_BRT_HUN","Country of birth: Hungary",699
"CCT_CTZ_ISL","Country of citizenship: Iceland",700
"CCT_CTZ_IND","Country of citizenship: India",701
"CBR_BRT_IND","Country of birth: India",702
"CCT_CTZ_IDN","Country of citizenship: Indonesia",703
"CBR_BRT_IDN","Country of birth: Indonesia",704
"CCT_CTZ_IRN","Country of citizenship: Iran, Islamic Rep. of",705
"CBR_BRT_IRN","Country of birth: Iran, Islamic Rep. of",706
"CCT_CTZ_IRQ","Country of citizenship: Iraq",707
"CBR_BRT_IRQ","Country of birth: Iraq",708
"CCT_CTZ_IRL","Country of citizenship: Ireland",709
"CBR_BRT_IRL","Country of birth: Ireland",710
"CCT_CTZ_ISR","Country of citizenship: Israel",711
"CBR_BRT_ISR","Country of birth: Israel",712
"CCT_CTZ_ITA","Country of citizenship: Italy",713
"CBR_BRT_ITA","Country of birth: Italy",714
"CCT_CTZ_JAM","Country of citizenship: Jamaica",715
"CBR_BRT_JAM","Country of birth: Jamaica",716
"CCT_CTZ_JPN","Country of citizenship: Japan",717
"CBR_BRT_JPN","Country of birth: Japan",718
"CCT_CTZ_JOR","Country of citizenship: Jordan",719
"CBR_BRT_JOR","Country of birth: Jordan",720
"CCT_CTZ_KAZ","Country of citizenship: Kazakhstan",721
"CBR_BRT_KAZ","Country of birth: Kazakhstan",722
"CCT_CTZ_KEN","Country of citizenship: Kenya",723
"CCT_CTZ_KIR","Country of citizenship: Kiribati",724
"CCT_CTZ_PRK","Country of citizenship: Korea, Dem. People's Rep. of",725
"CBR_BRT_PRK","Country of birth: Korea, Dem. People's Rep. of",726
"CCT_CTZ_KOR","Country of citizenship: Korea, Republic of",727
"CBR_BRT_KOR","Country of birth: Korea, Republic of",728
"CCT_CTZ_KOS","Country of citizenship: Kosovo",729
"CBR_BRT_KOS","Country of birth: Kosovo",730
"CCT_CTZ_KWT","Country of citizenship: Kuwait",731
"CCT_CTZ_KGZ","Country of citizenship: Kyrgyzstan",732
"CBR_BRT_KGZ","Country of birth: Kyrgyzstan",733
"CCT_CTZ_LAO","Country of citizenship: Lao People's Dem. Rep.",734
"CBR_BRT_LAO","Country of birth: Lao People's Dem. Rep.",735
"CCT_CTZ_LVA","Country of citizenship: Latvia",736
"CBR_BRT_LVA","Country of birth: Latvia",737
"CCT_CTZ_LBN","Country of citizenship: Lebanon",738
"CBR_BRT_LBN","Country of birth: Lebanon",739
"CCT_CTZ_LSO","Country of citizenship: Lesotho",740
"CCT_CTZ_LBR","Country of citizenship: Liberia",741
"CBR_BRT_LBR","Country of birth: Liberia",742
"CCT_CTZ_LBY","Country of citizenship: Libyan Arab Jamahiriya",743
"CBR_BRT_LBY","Country of birth: Libyan Arab Jamahiriya",744
"CCT_CTZ_LIE","Country of citizenship: Liechtenstein",745
"CCT_CTZ_LTU","Country of citizenship: Lithuania",746
"CCT_CTZ_LUX","Country of citizenship: Luxembourg",747
"CBR_BRT_LUX","Country of birth: Luxembourg",748
"CCT_CTZ_MAC","Country of citizenship: Macau, China",749
"CBR_BRT_MAC","Country of birth: Macau, China",750
"CCT_CTZ_MKD","Country of citizenship: Macedonia, The former Yugoslav Rep. of",751
"CBR_BRT_MKD","Country of birth: Macedonia, The former Yugoslav Rep. of",752
"CCT_CTZ_MDG","Country of citizenship: Madagascar",753
"CBR_BRT_MDG","Country of birth: Madagascar",754
"CCT_CTZ_MWI","Country of citizenship: Malawi",755
"CCT_CTZ_MYS","Country of citizenship: Malaysia",756
"CBR_BRT_MYS","Country of birth: Malaysia",757
"CCT_CTZ_MDV","Country of citizenship: Maldives",758
"CBR_BRT_MDV","Country of birth: Maldives",759
"CCT_CTZ_MLI","Country of citizenship: Mali",760
"CBR_BRT_MLI","Country of birth: Mali",761
"CCT_CTZ_MLT","Country of citizenship: Malta",762
"CCT_CTZ_MHL","Country of citizenship: Marshall Islands",763
"CCT_CTZ_MRT","Country of citizenship: Mauritania",764
"CBR_BRT_MRT","Country of birth: Mauritania",765
"CCT_CTZ_MUS","Country of citizenship: Mauritius",766
"CCT_CTZ_MEX","Country of citizenship: Mexico",767
"CBR_BRT_MEX","Country of birth: Mexico",768
"CCT_CTZ_MDA","Country of citizenship: Moldova, Republic of",769
"CBR_BRT_MDA","Country of birth: Moldova, Republic of",770
"CCT_CTZ_MCO","Country of citizenship: Monaco",771
"CCT_CTZ_MNG","Country of citizenship: Mongolia",772
"CBR_BRT_MNG","Country of birth: Mongolia",773
"CCT_CTZ_MNE","Country of citizenship: Montenegro",774
"CBR_BRT_MNE","Country of birth: Montenegro",775
"CCT_CTZ_MSR","Country of citizenship: Montserrat",776
"CCT_CTZ_MAR","Country of citizenship: Morocco",777
"CBR_BRT_MAR","Country of birth: Morocco",778
"CCT_CTZ_MOZ","Country of citizenship: Mozambique",779
"CCT_CTZ_MMR","Country of citizenship: Myanmar",780
"CBR_BRT_MMR","Country of birth: Myanmar",781
"CCT_CTZ_NAM","Country of citizenship: Namibia",782
"CCT_CTZ_NRU","Country of citizenship: Nauru",783
"CCT_CTZ_NPL","Country of citizenship: Nepal",784
"CBR_BRT_NPL","Country of birth: Nepal",785
"CCT_CTZ_NLD","Country of citizenship: Netherlands",786
"CBR_BRT_NLD","Country of birth: Netherlands",787
"CCT_CTZ_NCL","Country of citizenship: New Caledonia",788
"CCT_CTZ_NZL","Country of citizenship: New Zealand",789
"CBR_BRT_NZL","Country of birth: New Zealand",790
"CCT_CTZ_NIC","Country of citizenship: Nicaragua",791
"CBR_BRT_NIC","Country of birth: Nicaragua",792
"CCT_CTZ_NER","Country of citizenship: Niger",793
"CBR_BRT_NER","Country of birth: Niger",794
"CCT_CTZ_NGA","Country of citizenship: Nigeria",795
"CBR_BRT_NGA","Country of birth: Nigeria",796
"CCT_CTZ_NIU","Country of citizenship: Niue",797
"CCT_CTZ_NFK","Country of citizenship: Norfolk Island",798
"CCT_CTZ_NOR","Country of citizenship: Norway",799
"CBR_BRT_NOR","Country of birth: Norway",800
"CCT_CTZ_PSE","Country of citizenship: West Bank and Gaza Strip",801
"CBR_BRT_PSE","Country of birth: West Bank and Gaza Strip",802
"CCT_CTZ_OMN","Country of citizenship: Oman",803
"CCT_CTZ_PAK","Country of citizenship: Pakistan",804
"CBR_BRT_PAK","Country of birth: Pakistan",805
"CCT_CTZ_PAN","Country of citizenship: Panama",806
"CBR_BRT_PAN","Country of birth: Panama",807
"CCT_CTZ_PNG","Country of citizenship: Papua New Guinea",808
"CCT_CTZ_PRY","Country of citizenship: Paraguay",809
"CBR_BRT_PRY","Country of birth: Paraguay",810
"CCT_CTZ_PER","Country of citizenship: Peru",811
"CBR_BRT_PER","Country of birth: Peru",812
"CCT_CTZ_PHL","Country of citizenship: Philippines",813
"CBR_BRT_PHL","Country of birth: Philippines",814
"CCT_CTZ_POL","Country of citizenship: Poland",815
"CBR_BRT_POL","Country of birth: Poland",816
"CCT_CTZ_PRT","Country of citizenship: Portugal",817
"CBR_BRT_PRT","Country of birth: Portugal",818
"CCT_CTZ_PRI","Country of citizenship: Puerto Rico",819
"CCT_CTZ_QAT","Country of citizenship: Qatar",820
"CCT_CTZ_ROU","Country of citizenship: Romania",821
"CBR_BRT_ROU","Country of birth: Romania",822
"CCT_CTZ_RUS","Country of citizenship: Russian Federation",823
"CBR_BRT_RUS","Country of birth: Russian Federation",824
"CCT_CTZ_RWA","Country of citizenship: Rwanda",825
"CCT_CTZ_REU","Country of citizenship: Réunion",826
"CCT_CTZ_KNA","Country of citizenship: Saint Kitts and Nevis",827
"CCT_CTZ_WSM","Country of citizenship: Samoa",828
"CCT_CTZ_SMR","Country of citizenship: San Marino",829
"CCT_CTZ_SAU","Country of citizenship: Saudi Arabia",830
"CBR_BRT_SAU","Country of birth: Saudi Arabia",831
"CCT_CTZ_SEN","Country of citizenship: Senegal",832
"CBR_BRT_SEN","Country of birth: Senegal",833
"CCT_CTZ_SRB","Country of citizenship: Serbia",834
"CBR_BRT_SRB","Country of birth: Serbia",835
"CCT_CTZ_SYC","Country of citizenship: Seychelles",836
"CCT_CTZ_SLE","Country of citizenship: Sierra Leone",837
"CBR_BRT_SLE","Country of birth: Sierra Leone",838
"CCT_CTZ_SGP","Country of citizenship: Singapore",839
"CBR_BRT_SGP","Country of birth: Singapore",840
"CBR_BRT_SVK","Country of birth: Slovakia",841
"CCT_CTZ_SVK","Country of citizenship: Slovakia",842
"CCT_CTZ_SVN","Country of citizenship: Slovenia",843
"CBR_BRT_SVN","Country of birth: Slovenia",844
"CCT_CTZ_SLB","Country of citizenship: Solomon Islands",845
"CCT_CTZ_SOM","Country of citizenship: Somalia",846
"CBR_BRT_SOM","Country of birth: Somalia",847
"CCT_CTZ_ZAF","Country of citizenship: South Africa",848
"CBR_BRT_ZAF","Country of birth: South Africa",849
"CCT_CTZ_SSD","Country of citizenship: South Sudan, The Republic of",850
"CCT_CTZ_ESP","Country of citizenship: Spain",851
"CBR_BRT_ESP","Country of birth: Spain",852
"CCT_CTZ_LKA","Country of citizenship: Sri Lanka",853
"CBR_BRT_LKA","Country of birth: Sri Lanka",854
"CCT_CTZ_SDN","Country of citizenship: Sudan, The Republic of",855
"CBR_BRT_SDN","Country of birth: Sudan, The Republic of",856
"CCT_CTZ_SUR","Country of citizenship: Suriname",857
"CCT_CTZ_SWZ","Country of citizenship: Swaziland",858
"CCT_CTZ_SWE","Country of citizenship: Sweden",859
"CBR_BRT_SWE","Country of birth: Sweden",860
"CCT_CTZ_CHE","Country of citizenship: Switzerland",861
"CBR_BRT_CHE","Country of birth: Switzerland",862
"CCT_CTZ_SYR","Country of citizenship: Syrian Arab Republic",863
"CBR_BRT_SYR","Country of birth: Syrian Arab Republic",864
"CBR_BRT_TWN","Country of birth: Taiwan, China",865
"CCT_CTZ_TWN","Country of citizenship: Taiwan, China",866
"CCT_CTZ_TJK","Country of citizenship: Tajikistan",867
"CBR_BRT_TJK","Country of birth: Tajikistan",868
"CCT_CTZ_TZA","Country of citizenship: Tanzania, United Republic of",869
"CCT_CTZ_THA","Country of citizenship: Thailand",870
"CBR_BRT_THA","Country of birth: Thailand",871
"CBR_BRT_TLS","Country of birth: Timor-Leste",872
"CCT_CTZ_TLS","Country of citizenship: Timor-Leste",873
"CCT_CTZ_TGO","Country of citizenship: Togo",874
"CBR_BRT_TGO","Country of birth: Togo",875
"CCT_CTZ_TKL","Country of citizenship: Tokelau",876
"CCT_CTZ_TON","Country of citizenship: Tonga",877
"CCT_CTZ_TTO","Country of citizenship: Trinidad and Tobago",878
"CCT_CTZ_TUN","Country of citizenship: Tunisia",879
"CBR_BRT_TUN","Country of birth: Tunisia",880
"CCT_CTZ_TUR","Country of citizenship: Turkey",881
"CBR_BRT_TUR","Country of birth: Turkey",882
"CCT_CTZ_TKM","Country of citizenship: Turkmenistan",883
"CBR_BRT_TKM","Country of birth: Turkmenistan",884
"CCT_CTZ_TUV","Country of citizenship: Tuvalu",885
"CCT_CTZ_UGA","Country of citizenship: Uganda",886
"CCT_CTZ_UKR","Country of citizenship: Ukraine",887
"CBR_BRT_UKR","Country of birth: Ukraine",888
"CCT_CTZ_ARE","Country of citizenship: United Arab Emirates",889
"CBR_BRT_ARE","Country of birth: United Arab Emirates",890
"CCT_CTZ_GBR","Country of citizenship: United Kingdom",891
"CBR_BRT_GBR","Country of birth: United Kingdom",892
"CCT_CTZ_USA","Country of citizenship: United States",893
"CBR_BRT_USA","Country of birth: United States",894
"CCT_CTZ_URY","Country of citizenship: Uruguay",895
"CBR_BRT_URY","Country of birth: Uruguay",896
"CCT_CTZ_UZB","Country of citizenship: Uzbekistan",897
"CBR_BRT_UZB","Country of birth: Uzbekistan",898
"CCT_CTZ_VUT","Country of citizenship: Vanuatu",899
"CCT_CTZ_VEN","Country of citizenship: Venezuela, Bolivarian Rep. of",900
"CBR_BRT_VEN","Country of birth: Venezuela, Bolivarian Rep. of",901
"CCT_CTZ_VNM","Country of citizenship: Viet Nam",902
"CBR_BRT_VNM","Country of birth: Viet Nam",903
"CCT_CTZ_WLF","Country of citizenship: Wallis and Futuna Islands",904
"CCT_CTZ_ESH","Country of citizenship: Western Sahara",905
"CCT_CTZ_YEM","Country of citizenship: Yemen",906
"CCT_CTZ_ZMB","Country of citizenship: Zambia",907
"CCT_CTZ_ZWE","Country of citizenship: Zimbabwe",908
"CCT_CTZ_ASIA","Country of citizenship: Asia",909
"CBR_BRT_ASIA","Country of birth: Asia",910
"CCT_CTZ_BALTIC","Country of citizenship: Baltics",911
"CCT_CTZ_CIS","Country of citizenship: Commonwealth of Independent States",912
"CBR_BRT_CIS","Country of birth: Commonwealth of Independent States",913
"CCT_CTZ_EUR","Country of citizenship: Europe",914
"CBR_BRT_EUR","Country of birth: Europe",915
"CCT_CTZ_AMEN","Country of citizenship: North America",916
"CCT_CTZ_OCE","Country of citizenship: Oceania",917
"CCT_CTZ_XASIA","Country of citizenship: Rest of Asia",918
"CCT_CTZ_X","Country of citizenship: Other countries",919
"CBR_BRT_X","Country of birth: Other countries",920
"CCT_CIT_TOTAL","Citizenship: Total",921
"CBR_BIR_TOTAL","Place of birth: Total",922
"CCT_CIT_CITIZEN","Citizenship: Citizens",923
"CBR_BIR_NATIVE","Place of birth: Native-born",924
"CCT_CIT_NONCIT","Citizenship: Non-citizens",925
"CBR_BIR_FOREIGN","Place of birth: Foreign-born",926
"CCT_CIT_X","Citizenship: Status unknown",927
"CBR_BIR_X","Place of birth: Status unknown",928
"CRS_RES_TOTAL","Residence: Total",929
"CPR_PRV_TOTAL","Previous residence: Total",930
"CPR_PRV_ALB","Previous residence: Albania",931
"CPR_PRV_DZA","Previous residence: Algeria",932
"CPR_PRV_ASM","Previous residence: American Samoa",933
"CPR_PRV_ARG","Previous residence: Argentina",934
"CPR_PRV_AUS","Previous residence: Australia",935
"CPR_PRV_AUT","Previous residence: Austria",936
"CPR_PRV_BLR","Previous residence: Belarus",937
"CPR_PRV_BEL","Previous residence: Belgium",938
"CPR_PRV_BOL","Previous residence: Bolivia",939
"CPR_PRV_BIH","Previous residence: Bosnia and Herzegovina",940
"CPR_PRV_BRA","Previous residence: Brazil",941
"CPR_PRV_BGR","Previous residence: Bulgaria",942
"CPR_PRV_CAN","Previous residence: Canada",943
"CPR_PRV_CHL","Previous residence: Chile",944
"CPR_PRV_CHN","Previous residence: China",945
"CPR_PRV_COL","Previous residence: Colombia",946
"CPR_PRV_COD","Previous residence: Congo, Democratic Republic of the",947
"CPR_PRV_HRV","Previous residence: Croatia",948
"CPR_PRV_CUB","Previous residence: Cuba",949
"CPR_PRV_CYP","Previous residence: Cyprus",950
"CPR_PRV_CZE","Previous residence: Czech Republic",951
"CPR_PRV_DNK","Previous residence: Denmark",952
"CPR_PRV_DOM","Previous residence: Dominican Republic",953
"CPR_PRV_ECU","Previous residence: Ecuador",954
"CPR_PRV_EST","Previous residence: Estonia",955
"CPR_PRV_FIN","Previous residence: Finland",956
"CPR_PRV_FRA","Previous residence: France",957
"CPR_PRV_DEU","Previous residence: Germany",958
"CPR_PRV_DE2","Previous residence: Germany, Fed. Rep. of before 3.10.1990",959
"CPR_PRV_GIB","Previous residence: Gibraltar",960
"CPR_PRV_GRC","Previous residence: Greece",961
"CPR_PRV_HUN","Previous residence: Hungary",962
"CPR_PRV_ISL","Previous residence: Iceland",963
"CPR_PRV_IND","Previous residence: India",964
"CPR_PRV_IRL","Previous residence: Ireland",965
"CPR_PRV_ITA","Previous residence: Italy",966
"CPR_PRV_JPN","Previous residence: Japan",967
"CPR_PRV_KIR","Previous residence: Kiribati",968
"CPR_PRV_KOR","Previous residence: Korea, Republic of",969
"CPR_PRV_KOS","Previous residence: Kosovo",970
"CPR_PRV_LUX","Previous residence: Luxembourg",971
"CPR_PRV_MKD","Previous residence: Macedonia, The former Yugoslav Rep. of",972
"CPR_PRV_MLT","Previous residence: Malta",973
"CPR_PRV_MEX","Previous residence: Mexico",974
"CPR_PRV_MDA","Previous residence: Moldova, Republic of",975
"CPR_PRV_MAR","Previous residence: Morocco",976
"CPR_PRV_NLD","Previous residence: Netherlands",977
"CPR_PRV_ANT","Previous residence: Netherlands Antilles",978
"CPR_PRV_NZL","Previous residence: New Zealand",979
"CPR_PRV_NOR","Previous residence: Norway",980
"CPR_PRV_PNG","Previous residence: Papua New Guinea",981
"CPR_PRV_PER","Previous residence: Peru",982
"CPR_PRV_PHL","Previous residence: Philippines",983
"CPR_PRV_PRT","Previous residence: Portugal",984
"CPR_PRV_RUS","Previous residence: Russian Federation",985
"CPR_PRV_RWA","Previous residence: Rwanda",986
"CPR_PRV_SEN","Previous residence: Senegal",987
"CPR_PRV_SRB","Previous residence: Serbia",988
"CPR_PRV_SGP","Previous residence: Singapore",989
"CPR_PRV_SVK","Previous residence: Slovakia",990
"CPR_PRV_SVN","Previous residence: Slovenia",991
"CPR_PRV_ZAF","Previous residence: South Africa",992
"CPR_PRV_ESP","Previous residence: Spain",993
"CPR_PRV_SWE","Previous residence: Sweden",994
"CPR_PRV_CHE","Previous residence: Switzerland",995
"CPR_PRV_THA","Previous residence: Thailand",996
"CPR_PRV_TON","Previous residence: Tonga",997
"CPR_PRV_TUN","Previous residence: Tunisia",998
"CPR_PRV_TUR","Previous residence: Turkey",999
"CPR_PRV_UKR","Previous residence: Ukraine",1000
"CPR_PRV_ARE","Previous residence: United Arab Emirates",1001
"CPR_PRV_GBR","Previous residence: United Kingdom",1002
"CPR_PRV_USA","Previous residence: United States",1003
"CPR_PRV_VUT","Previous residence: Vanuatu",1004
"CPR_PRV_VEN","Previous residence: Venezuela, Bolivarian Rep. of",1005
"CPR_PRV_USACAN","Previous residence: United States and Canada",1006
"CPR_PRV_X","Previous residence: Other countries",1007
"CDS_DES_TOTAL","Destination: Total",1008
